TARGET_CLASS,criterion,Coverage,Total_Goals,Covered_Goals,Total_Branches,Predicates,LineCoverage,BranchCoverage,OutputCoverage,BranchCoverageBitString,Size,Length,MutationScore
org.jhotdraw.gui.ToolBarLayout,LINE;BRANCH;EXCEPTION;WEAKMUTATION;OUTPUT;METHOD;METHODNOEXCEPTION;CBRANCH,0.9279870789779326,366,345,32,16,1.0,0.926829268292683,0.6,11111111111111111110111110111111111011111,28,89,0.5375722543352601
org.jhotdraw.draw.AttributeKeys,LINE;BRANCH;EXCEPTION;WEAKMUTATION;OUTPUT;METHOD;METHODNOEXCEPTION;CBRANCH,0.6455574079158986,661,313,98,49,0.5405405405405406,0.41,0.39622641509433965,1100000000111000111110010101011000000000000110010101100101101010100101100100000000010110010101100111,27,43,0.34889753566796367
