TARGET_CLASS,criterion,Coverage,Total_Goals,Covered_Goals,Total_Branches,Predicates,LineCoverage,BranchCoverage,OutputCoverage,BranchCoverageBitString,Size,Length,MutationScore
org.jhotdraw.draw.figure.TriangleFigure,LINE;BRANCH;EXCEPTION;WEAKMUTATION;OUTPUT;METHOD;METHODNOEXCEPTION;CBRANCH,0.8664088848986123,552,452,38,19,0.8925619834710744,0.7818181818181819,0.6710526315789473,1111111111111101110111111111111111111010101011001000101,38,132,0.20930232558139536
org.jhotdraw.draw.figure.TextAreaFigure,LINE;BRANCH;EXCEPTION;WEAKMUTATION;OUTPUT;METHOD;METHODNOEXCEPTION;CBRANCH,0.7981352173016583,1214,928,86,43,0.863849765258216,0.6923076923076923,0.4431818181818182,111111111111111111111111111111110000110010110100111101111110101111110001000011000000000001110110111111101111110111110,54,147,0.330078125
org.jhotdraw.draw.figure.RoundRectangleFigure,LINE;BRANCH;EXCEPTION;WEAKMUTATION;OUTPUT;METHOD;METHODNOEXCEPTION;CBRANCH,0.9173072601856853,582,517,8,4,0.9411764705882353,0.9,0.76,111101111111111111111111011101,46,157,0.2522255192878338
