TARGET_CLASS,criterion,Coverage,Total_Goals,Covered_Goals,Total_Branches,Predicates,LineCoverage,BranchCoverage,OutputCoverage,BranchCoverageBitString,Size,Length,MutationScore
org.jhotdraw.draw.tool.DefaultHandleTracker,LINE;BRANCH;EXCEPTION;WEAKMUTATION;OUTPUT;METHOD;METHODNOEXCEPTION;CBRANCH,0.7715573247004932,378,268,50,25,0.725925925925926,0.578125,1.0,1111111111100011000011100110101000000000000000111111110111111111,30,190,0.2807017543859649
org.jhotdraw.draw.tool.CreationTool,LINE;BRANCH;EXCEPTION;WEAKMUTATION;OUTPUT;METHOD;METHODNOEXCEPTION;CBRANCH,0.5328990077601478,468,191,42,21,0.43548387096774194,0.38181818181818183,0.32,1111001110000000110101000001010000000000000111111010001,26,105,0.1218274111675127
org.jhotdraw.draw.tool.BezierTool,LINE;BRANCH;EXCEPTION;WEAKMUTATION;OUTPUT;METHOD;METHODNOEXCEPTION;CBRANCH,0.4398024978732956,819,181,98,49,0.30337078651685395,0.168141592920354,0.21052631578947367,11111111111000001000000000010000000000000000000000000001000000000000000000000000001100000000000001000000000000011,27,127,0.028938906752411574
org.jhotdraw.draw.tool.AbstractTool,LINE;BRANCH;EXCEPTION;WEAKMUTATION;OUTPUT;METHOD;METHODNOEXCEPTION;CBRANCH,0.5716856712176007,744,353,66,33,0.58,0.4752475247524752,0.19607843137254902,11111111101111111111111011111111111100000010100000000000000001000001101011000000000001101010110000000,48,191,0.15416666666666667
org.jhotdraw.draw.tool.DefaultSelectAreaTracker,LINE;BRANCH;EXCEPTION;WEAKMUTATION;OUTPUT;METHOD;METHODNOEXCEPTION;CBRANCH,0.8020552336178397,312,213,46,23,0.6631578947368421,0.49056603773584906,1.0,11111111100000000000000111000000000111110000111111111,22,117,0.0759493670886076
org.jhotdraw.draw.tool.ConnectionTool,LINE;BRANCH;EXCEPTION;WEAKMUTATION;OUTPUT;METHOD;METHODNOEXCEPTION;CBRANCH,0.4480118067545813,618,175,62,31,0.2857142857142857,0.22077922077922077,0.3333333333333333,00001111111111001000000000000000000000000000000000000100000001110000000000011,26,106,0.12206572769953052
